{"summary": {"asex_total": [0.9663362503051758, 0.970940351486206, 0.9741791486740112, 0.9911518096923828, 0.9912909269332886, 0.9924716949462891, 0.9941250085830688, 0.9945206642150879, 0.9969805479049683, 0.9973284006118774, 1.0007659196853638, 1.011704921722412, 1.0161796808242798, 1.018218994140625, 1.022449254989624, 1.0232157707214355, 1.037779450416565, 1.0403574705123901, 1.0678417682647705, 1.092912197113037, 1.1175507307052612, 1.1357800960540771, 1.1552541255950928, 1.1709253787994385, 1.1946429014205933, 1.7290725708007812, 1.7862251996994019, 1.7959312200546265, 1.8067972660064697, 1.85519278049469, 1.89203941822052, 1.9121562242507935, 1.9530751705169678, 2.1019113063812256, 2.1398262977600098, 2.29211163520813, 2.4100990295410156, 2.5479094982147217, 2.584928035736084, 2.6354422569274902, 2.646770715713501, 2.647113084793091, 2.671931028366089, 2.682192802429199, 2.6952638626098633, 2.7166826725006104, 2.7544476985931396, 2.7995004653930664, 2.9205050468444824, 2.9433932304382324], "asex_images": ["static/example/45.png", "static/example/36.png", "static/example/8.png", "static/example/19.png", "static/example/57.png", "static/example/76.png", "static/example/30.png", "static/example/48.png", "static/example/94.png", "static/example/155.png", "static/example/72.png", "static/example/84.png", "static/example/140.png", "static/example/202.png", "static/example/47.png", "static/example/135.png", "static/example/122.png", "static/example/156.png", "static/example/146.png", "static/example/34.png", "static/example/185.png", "static/example/192.png", "static/example/74.png", "static/example/175.png", "static/example/138.png", "static/example/160.png", "static/example/166.png", "static/example/188.png", "static/example/211.png", "static/example/180.png", "static/example/196.png", "static/example/209.png", "static/example/126.png", "static/example/182.png", "static/example/199.png", "static/example/33.png", "static/example/198.png", "static/example/173.png", "static/example/215.png", "static/example/161.png", "static/example/205.png", "static/example/147.png", "static/example/212.png", "static/example/201.png", "static/example/179.png", "static/example/204.png", "static/example/206.png", "static/example/186.png", "static/example/213.png", "static/example/216.png"], "n_ring": 25, "n_troph": 12, "n_schizont": 13, "n_gam": 0, "n_uninfected": 168, "n_infected": 50, "parasitemia": 0.23}, "results": [{"id": 0, "name": "20200403_IPMT_3D7_colour_16_FOV96.tif..jpg", "n_cells": 218, "n_infected": 50, "n_uninfected": 168, "parasitemia": 0.23, "plot": "static/example/full.png", "n_ring": 25, "n_troph": 12, "n_schizont": 13, "n_gam": 0}]}